Gender,Married,Dependents,Education,Self_Employed,Applicant_Income,Coapplicant_Income,Loan_Amount,Term,Credit_History,Area,Status
Male,0,0,Graduate,0,584900,0,15000000,360,1,Urban,1
Male,1,1,Graduate,0,458300,150800,12800000,360,1,Rural,0
Male,1,0,Graduate,1,300000,0,6600000,360,1,Urban,1
Male,1,0,0t Graduate,0,258300,235800,12000000,360,1,Urban,1
Male,0,0,Graduate,0,600000,0,14100000,360,1,Urban,1
Male,1,2,Graduate,1,541700,419600,26700000,360,1,Urban,1
Male,1,0,0t Graduate,0,233300,151600,9500000,360,1,Urban,1
Male,1,4,Graduate,0,303600,250400,15800000,360,0,Semiurban,0
Male,1,2,Graduate,0,400600,152600,16800000,360,1,Urban,1
Male,1,1,Graduate,0,1284100,1096800,34900000,360,1,Semiurban,0
Male,1,2,Graduate,0,320000,70000,7000000,360,1,Urban,1
Male,1,2,Graduate,,250000,184000,10900000,360,1,Urban,1
Male,1,2,Graduate,0,307300,810600,20000000,360,1,Urban,1
Male,0,0,Graduate,0,185300,284000,11400000,360,1,Rural,0
Male,1,2,Graduate,0,129900,108600,1700000,120,1,Urban,1
Male,0,0,Graduate,0,495000,0,12500000,360,1,Urban,1
Male,0,1,0t Graduate,0,359600,0,10000000,240,,Urban,1
Female,0,0,Graduate,0,351000,0,7600000,360,0,Urban,0
Male,1,0,0t Graduate,0,488700,0,13300000,360,1,Rural,0
Male,1,0,Graduate,,260000,350000,11500000,,1,Urban,1
Male,1,0,0t Graduate,0,766000,0,10400000,360,0,Urban,0
Male,1,1,Graduate,0,595500,562500,31500000,360,1,Urban,1
Male,1,0,0t Graduate,0,260000,191100,11600000,360,0,Semiurban,0
,1,2,0t Graduate,0,336500,191700,11200000,360,0,Rural,0
Male,1,1,Graduate,,371700,292500,15100000,360,,Semiurban,0
Male,1,0,Graduate,1,956000,0,19100000,360,1,Semiurban,1
Male,1,0,Graduate,0,279900,225300,12200000,360,1,Semiurban,1
Male,1,2,0t Graduate,0,422600,104000,11000000,360,1,Urban,1
Male,0,0,0t Graduate,0,144200,0,3500000,360,1,Urban,0
Female,0,2,Graduate,,375000,208300,12000000,360,1,Semiurban,1
Male,1,1,Graduate,,416600,336900,20100000,360,,Urban,0
Male,0,0,Graduate,0,316700,0,7400000,360,1,Urban,0
Male,0,1,Graduate,1,469200,0,10600000,360,1,Rural,0
Male,1,0,Graduate,0,350000,166700,11400000,360,1,Semiurban,1
Male,0,4,Graduate,0,1250000,300000,32000000,360,1,Rural,0
Male,1,0,Graduate,0,227500,206700,0,360,1,Urban,1
Male,1,0,Graduate,0,182800,133000,10000000,,0,Urban,0
Female,1,0,Graduate,0,366700,145900,14400000,360,1,Semiurban,1
Male,0,0,Graduate,0,416600,721000,18400000,360,1,Urban,1
Male,0,0,0t Graduate,0,374800,166800,11000000,360,1,Semiurban,1
Male,0,0,Graduate,0,360000,0,8000000,360,1,Urban,0
Male,0,0,Graduate,0,180000,121300,4700000,360,1,Urban,1
Male,1,0,Graduate,0,240000,0,7500000,360,,Urban,1
Male,1,0,Graduate,0,394100,233600,13400000,360,1,Semiurban,1
Male,1,0,0t Graduate,1,469500,0,9600000,,1,Urban,1
Female,0,0,Graduate,0,341000,0,8800000,,1,Urban,1
Male,1,1,Graduate,0,564900,0,4400000,360,1,Urban,1
Male,1,0,Graduate,0,582100,0,14400000,360,1,Urban,1
Female,1,0,Graduate,0,264500,344000,12000000,360,0,Urban,0
Female,0,0,Graduate,0,400000,227500,14400000,360,1,Semiurban,1
Female,1,0,0t Graduate,0,192800,164400,10000000,360,1,Semiurban,1
Female,0,0,Graduate,0,308600,0,12000000,360,1,Semiurban,1
Female,0,0,Graduate,0,423000,0,11200000,360,1,Semiurban,0
Male,1,2,Graduate,0,461600,0,13400000,360,1,Urban,0
Female,1,1,Graduate,1,1150000,0,28600000,360,0,Urban,0
Male,1,2,Graduate,0,270800,116700,9700000,360,1,Semiurban,1
Male,1,0,Graduate,0,213200,159100,9600000,360,1,Semiurban,1
Male,1,0,Graduate,0,336600,220000,13500000,360,1,Rural,0
Male,1,1,Graduate,0,808000,225000,18000000,360,1,Urban,1
Male,1,2,0t Graduate,0,335700,285900,14400000,360,1,Urban,1
Male,1,0,Graduate,0,250000,379600,12000000,360,1,Urban,1
Male,1,4,Graduate,0,302900,0,9900000,360,1,Urban,1
Male,1,0,0t Graduate,1,260900,344900,16500000,180,0,Rural,0
Male,1,1,Graduate,0,494500,0,0,360,0,Rural,0
Female,0,0,Graduate,0,416600,0,11600000,360,0,Semiurban,0
Male,1,0,Graduate,0,572600,459500,25800000,360,1,Semiurban,0
Male,0,0,0t Graduate,0,320000,225400,12600000,180,0,Urban,0
Male,1,1,Graduate,0,1075000,0,31200000,360,1,Urban,1
Male,1,4,0t Graduate,1,710000,0,12500000,60,1,Urban,1
Female,0,0,Graduate,0,430000,0,13600000,360,0,Semiurban,0
Male,1,0,Graduate,0,320800,306600,17200000,360,1,Urban,1
Male,1,2,0t Graduate,1,187500,187500,9700000,360,1,Semiurban,1
Male,0,0,Graduate,0,350000,0,8100000,300,1,Semiurban,1
Male,1,4,0t Graduate,0,475500,0,9500000,,0,Semiurban,0
Male,1,4,Graduate,1,526600,177400,18700000,360,1,Semiurban,1
Male,0,0,Graduate,0,375000,0,11300000,480,1,Urban,0
Male,0,0,Graduate,0,375000,475000,17600000,360,1,Urban,0
Male,1,1,Graduate,1,100000,302200,11000000,360,1,Urban,0
Male,1,4,Graduate,0,316700,400000,18000000,300,0,Semiurban,0
Male,1,4,0t Graduate,1,333300,216600,13000000,360,,Semiurban,1
Female,0,0,Graduate,0,384600,0,11100000,360,1,Semiurban,1
Male,1,1,Graduate,1,239500,0,0,360,1,Semiurban,1
Female,1,2,Graduate,0,137800,188100,16700000,360,1,Urban,0
Male,1,0,Graduate,0,600000,225000,26500000,360,,Semiurban,0
Male,1,1,Graduate,0,398800,0,5000000,240,1,Urban,1
Male,0,0,Graduate,0,236600,253100,13600000,360,1,Semiurban,1
Male,1,2,0t Graduate,0,333300,200000,9900000,360,,Semiurban,1
Male,1,0,Graduate,0,250000,211800,10400000,360,1,Semiurban,1
Male,0,0,Graduate,0,856600,0,21000000,360,1,Urban,1
Male,1,0,Graduate,0,569500,416700,17500000,360,1,Semiurban,1
Male,1,0,Graduate,0,295800,290000,13100000,360,1,Semiurban,1
Male,1,2,Graduate,0,625000,565400,18800000,180,1,Semiurban,1
Male,1,2,0t Graduate,0,327300,182000,8100000,360,1,Urban,1
Male,0,0,Graduate,0,413300,0,12200000,360,1,Semiurban,1
Male,0,0,0t Graduate,0,362000,0,2500000,120,1,Semiurban,1
Male,0,0,Graduate,,678200,0,0,360,,Urban,0
Female,1,0,Graduate,0,248400,230200,13700000,360,1,Semiurban,1
Male,1,0,Graduate,0,197700,99700,5000000,360,1,Semiurban,1
Male,1,0,0t Graduate,0,418800,0,11500000,180,1,Semiurban,1
Male,1,0,Graduate,0,175900,354100,13100000,360,1,Semiurban,1
Male,1,2,0t Graduate,0,428800,326300,13300000,180,1,Urban,1
Male,0,0,Graduate,0,484300,380600,15100000,360,1,Semiurban,1
Male,1,,Graduate,0,1365000,0,0,360,1,Urban,1
Male,1,0,Graduate,0,465200,358300,0,360,1,Semiurban,1
Male,,,Graduate,0,381600,75400,16000000,360,1,Urban,1
Male,1,1,Graduate,0,305200,103000,10000000,360,1,Urban,1
Male,1,2,Graduate,0,1141700,112600,22500000,360,1,Urban,1
Male,0,0,0t Graduate,,733300,0,12000000,360,1,Rural,0
Male,1,2,Graduate,0,380000,360000,21600000,360,0,Urban,0
Male,1,4,0t Graduate,0,207100,75400,9400000,480,1,Semiurban,1
Male,0,0,Graduate,0,531600,0,13600000,360,1,Urban,1
Female,1,0,Graduate,,292900,233300,13900000,360,1,Semiurban,1
Male,1,0,0t Graduate,0,357200,411400,15200000,,0,Rural,0
Female,0,1,Graduate,1,745100,0,0,360,1,Semiurban,1
Male,0,0,Graduate,,505000,0,11800000,360,1,Semiurban,1
Male,1,1,Graduate,0,1458300,0,18500000,180,1,Rural,1
Female,1,0,Graduate,0,316700,228300,15400000,360,1,Semiurban,1
Male,1,1,Graduate,0,221400,139800,8500000,360,,Urban,1
Male,1,0,Graduate,0,556800,214200,17500000,360,1,Rural,0
Female,0,0,Graduate,0,1040800,0,25900000,360,1,Urban,1
Male,1,,Graduate,0,566700,266700,18000000,360,1,Rural,1
Female,0,0,Graduate,0,416600,0,4400000,360,1,Semiurban,1
Female,0,0,Graduate,0,213700,898000,13700000,360,0,Semiurban,1
Male,1,2,Graduate,0,295700,0,8100000,360,1,Semiurban,1
Male,1,0,0t Graduate,0,430000,201400,19400000,360,1,Rural,1
Female,0,0,Graduate,0,369200,0,9300000,360,,Rural,1
,1,4,Graduate,0,2380300,0,37000000,360,1,Rural,1
Male,0,0,Graduate,0,386500,164000,0,360,1,Rural,1
Male,1,1,Graduate,1,1051300,385000,16000000,180,0,Urban,0
Male,1,0,Graduate,0,608000,256900,18200000,360,,Rural,0
Male,0,0,Graduate,1,2016600,0,65000000,480,,Urban,1
Male,0,0,Graduate,0,201400,192900,7400000,360,1,Urban,1
Male,0,0,Graduate,0,271800,0,7000000,360,1,Semiurban,1
Male,1,0,Graduate,1,345900,0,2500000,120,1,Semiurban,1
Male,0,0,Graduate,0,489500,0,10200000,360,1,Semiurban,1
Male,1,4,Graduate,0,400000,775000,29000000,360,1,Semiurban,0
Female,1,0,Graduate,0,458300,0,8400000,360,1,Rural,0
Male,1,2,Graduate,1,331600,350000,8800000,360,1,Urban,1
Male,0,0,Graduate,0,1499900,0,24200000,360,0,Semiurban,0
Male,1,2,0t Graduate,0,420000,143000,12900000,360,1,Rural,0
Male,1,2,Graduate,0,504200,208300,18500000,360,1,Rural,0
Male,0,0,Graduate,0,541700,0,16800000,360,1,Urban,1
Male,0,0,Graduate,1,695000,0,17500000,180,1,Semiurban,1
Male,1,0,Graduate,0,269800,203400,12200000,360,1,Semiurban,1
Male,1,2,Graduate,0,1175700,0,18700000,180,1,Urban,1
Female,1,0,Graduate,0,233000,448600,10000000,360,1,Semiurban,1
Female,1,2,Graduate,0,1486600,0,7000000,360,1,Urban,1
Male,1,1,Graduate,0,153800,142500,3000000,360,1,Urban,1
Female,0,0,Graduate,0,1000000,166600,22500000,360,1,Rural,0
Male,1,0,Graduate,0,486000,83000,12500000,360,1,Semiurban,1
Male,0,0,Graduate,0,627700,0,11800000,360,0,Rural,0
Male,1,0,Graduate,1,257700,375000,15200000,360,1,Rural,1
Male,0,0,Graduate,0,916600,0,24400000,360,1,Urban,0
Male,1,2,0t Graduate,0,228100,0,11300000,360,1,Rural,0
Male,0,0,Graduate,0,325400,0,5000000,360,1,Urban,1
Male,1,4,Graduate,0,3999900,0,60000000,180,0,Semiurban,1
Male,1,1,Graduate,0,600000,0,16000000,360,,Rural,1
Male,1,1,Graduate,0,953800,0,18700000,360,1,Urban,1
Male,0,0,Graduate,,298000,208300,12000000,360,1,Rural,1
Male,1,0,Graduate,0,458300,562500,25500000,360,1,Semiurban,1
Male,1,0,0t Graduate,0,186300,104100,9800000,360,1,Semiurban,1
Male,1,0,Graduate,0,793300,0,27500000,360,1,Urban,0
Male,1,1,Graduate,0,308900,128000,12100000,360,0,Semiurban,0
Male,1,2,Graduate,0,416700,144700,15800000,360,1,Rural,1
Male,1,0,Graduate,0,932300,0,7500000,180,1,Urban,1
Male,1,0,Graduate,0,370700,316600,18200000,,1,Rural,1
Female,1,0,Graduate,0,458300,0,11200000,360,1,Rural,0
Male,1,0,Graduate,0,243900,333300,12900000,360,1,Rural,1
Male,0,0,Graduate,0,223700,0,6300000,480,0,Semiurban,0
Male,1,2,Graduate,0,800000,0,20000000,360,1,Semiurban,1
Male,1,0,0t Graduate,,182000,176900,9500000,360,1,Rural,1
,1,4,Graduate,0,5176300,0,70000000,300,1,Urban,1
Male,1,4,0t Graduate,0,352200,0,8100000,180,1,Rural,0
Male,1,0,Graduate,0,570800,562500,18700000,360,1,Semiurban,1
Male,1,0,0t Graduate,1,434400,73600,8700000,360,1,Semiurban,0
Male,1,0,Graduate,0,349700,196400,11600000,360,1,Rural,1
Male,1,2,Graduate,0,204500,161900,10100000,360,1,Rural,1
Male,1,4,Graduate,0,551600,1130000,49500000,360,0,Semiurban,0
Male,1,1,Graduate,0,375000,0,11600000,360,1,Semiurban,1
Male,0,0,0t Graduate,0,233300,145100,10200000,480,0,Urban,0
Male,1,1,Graduate,0,640000,725000,18000000,360,0,Urban,0
Male,0,0,Graduate,0,191600,506300,6700000,360,,Rural,0
Male,1,0,Graduate,0,460000,0,7300000,180,1,Semiurban,1
Male,1,1,Graduate,0,3384600,0,26000000,360,1,Semiurban,0
Female,1,0,Graduate,0,362500,0,10800000,360,1,Semiurban,1
Male,1,0,Graduate,1,3914700,475000,12000000,360,1,Semiurban,1
Male,1,1,Graduate,1,217800,0,6600000,300,0,Rural,0
Male,1,0,Graduate,0,238300,213800,5800000,360,,Rural,1
,1,0,Graduate,1,67400,529600,16800000,360,1,Rural,1
Male,1,0,Graduate,0,932800,0,18800000,180,1,Rural,1
Male,0,0,0t Graduate,0,488500,0,4800000,360,1,Rural,1
Male,0,0,Graduate,0,1200000,0,16400000,360,1,Semiurban,0
Male,1,0,0t Graduate,0,603300,0,16000000,360,1,Urban,0
Male,0,0,Graduate,0,385800,0,7600000,360,1,Semiurban,1
Male,0,0,Graduate,0,419100,0,12000000,360,1,Rural,1
Male,1,1,Graduate,0,312500,258300,17000000,360,1,Semiurban,0
Male,0,0,Graduate,0,833300,375000,18700000,360,1,Rural,1
Female,0,0,0t Graduate,0,190700,236500,12000000,,1,Urban,1
Female,1,0,Graduate,0,341600,281600,11300000,360,,Semiurban,1
Male,0,0,Graduate,1,1100000,0,8300000,360,1,Urban,0
Male,1,1,0t Graduate,0,260000,250000,9000000,360,1,Semiurban,1
Male,0,2,Graduate,0,492300,0,16600000,360,0,Semiurban,1
Male,1,4,0t Graduate,0,399200,0,0,180,1,Urban,0
Male,1,1,0t Graduate,0,350000,108300,13500000,360,1,Urban,1
Male,1,2,0t Graduate,0,391700,0,12400000,360,1,Semiurban,1
Female,0,0,0t Graduate,0,440800,0,12000000,360,1,Semiurban,1
Female,0,0,Graduate,0,324400,0,8000000,360,1,Urban,1
Male,0,0,0t Graduate,0,397500,253100,5500000,360,1,Rural,1
Male,0,0,Graduate,0,247900,0,5900000,360,1,Urban,1
Male,0,0,Graduate,0,341800,0,12700000,360,1,Semiurban,0
Female,0,0,Graduate,0,1000000,0,21400000,360,1,Semiurban,0
Male,1,4,Graduate,0,343000,125000,12800000,360,0,Semiurban,0
Male,1,1,Graduate,1,778700,0,24000000,360,1,Urban,1
Male,1,4,0t Graduate,1,570300,0,13000000,360,1,Rural,1
Male,1,0,Graduate,0,317300,302100,13700000,360,1,Urban,1
Male,1,4,0t Graduate,0,385000,98300,10000000,360,1,Semiurban,1
Male,1,0,Graduate,0,15000,180000,13500000,360,1,Rural,0
Male,1,0,Graduate,0,372700,177500,13100000,360,1,Semiurban,1
Male,1,2,Graduate,,500000,0,7200000,360,0,Semiurban,0
Female,1,2,Graduate,0,428300,238300,12700000,360,,Semiurban,1
Male,1,0,Graduate,0,222100,0,6000000,360,0,Urban,0
Male,1,2,Graduate,0,400900,171700,11600000,360,1,Semiurban,1
Male,0,0,Graduate,0,297100,279100,14400000,360,1,Semiurban,1
Male,1,0,Graduate,0,757800,101000,17500000,,1,Semiurban,1
Male,1,0,Graduate,0,625000,0,12800000,360,1,Semiurban,1
Male,1,0,Graduate,0,325000,0,17000000,360,1,Rural,0
Male,1,,0t Graduate,1,473500,0,13800000,360,1,Urban,0
Male,1,2,Graduate,0,625000,169500,21000000,360,1,Semiurban,1
Male,,,Graduate,0,475800,0,15800000,480,1,Semiurban,1
Male,0,0,Graduate,1,640000,0,20000000,360,1,Rural,1
Male,1,1,Graduate,0,249100,205400,10400000,360,1,Semiurban,1
Male,1,0,Graduate,,371600,0,4200000,180,1,Rural,1
Male,0,0,0t Graduate,0,318900,259800,12000000,,1,Rural,1
Female,0,0,Graduate,0,833300,0,28000000,360,1,Semiurban,1
Male,1,1,Graduate,0,315500,177900,14000000,360,1,Semiurban,1
Male,1,1,Graduate,0,550000,126000,17000000,360,1,Rural,1
Male,1,0,Graduate,,574600,0,25500000,360,,Urban,0
Female,0,0,Graduate,1,346300,0,12200000,360,,Urban,1
Female,0,1,Graduate,0,381200,0,11200000,360,1,Rural,1
Male,1,1,Graduate,0,331500,0,9600000,360,1,Semiurban,1
Male,1,2,Graduate,0,581900,500000,12000000,360,1,Rural,1
Male,1,1,0t Graduate,0,251000,198300,14000000,180,1,Urban,0
Male,0,0,Graduate,0,296500,570100,15500000,60,1,Urban,1
Male,1,2,Graduate,1,625000,130000,10800000,360,1,Rural,1
Male,1,0,0t Graduate,0,340600,441700,12300000,360,1,Semiurban,1
Male,0,0,Graduate,1,605000,433300,12000000,180,1,Urban,0
Male,1,2,Graduate,0,970300,0,11200000,360,1,Urban,1
Male,1,1,0t Graduate,0,660800,0,13700000,180,1,Urban,1
Male,1,1,Graduate,0,288200,184300,12300000,480,1,Semiurban,1
Male,1,0,Graduate,0,180900,186800,9000000,360,1,Urban,1
Male,1,0,0t Graduate,0,166800,389000,20100000,360,0,Semiurban,0
Female,0,2,Graduate,0,342700,0,13800000,360,1,Urban,0
Male,0,0,0t Graduate,1,258300,216700,10400000,360,1,Rural,1
Male,1,1,0t Graduate,0,266100,710100,27900000,180,1,Semiurban,1
Male,0,0,Graduate,1,1625000,0,19200000,360,0,Urban,0
Female,0,4,Graduate,0,308300,0,25500000,360,1,Rural,1
Male,0,0,0t Graduate,0,604500,0,11500000,360,0,Rural,0
Male,1,4,Graduate,0,525000,0,9400000,360,1,Urban,0
Male,1,0,Graduate,0,1468300,210000,30400000,360,1,Rural,0
Male,1,4,0t Graduate,0,493100,0,12800000,360,,Semiurban,0
Male,1,1,Graduate,0,608300,425000,33000000,360,,Urban,1
Male,0,0,Graduate,0,206000,220900,13400000,360,1,Semiurban,1
Female,0,1,Graduate,0,348100,0,15500000,36,1,Semiurban,0
Female,0,0,Graduate,0,720000,0,12000000,360,1,Rural,1
Male,0,0,Graduate,1,516600,0,12800000,360,1,Semiurban,1
Male,0,0,Graduate,0,409500,344700,15100000,360,1,Rural,1
Male,1,2,Graduate,0,470800,138700,15000000,360,1,Semiurban,1
Male,1,4,Graduate,0,433300,181100,16000000,360,0,Urban,1
Female,0,0,Graduate,,341800,0,13500000,360,1,Rural,0
Female,0,1,Graduate,0,287600,156000,9000000,360,1,Urban,1
Female,0,0,Graduate,0,323700,0,3000000,360,1,Urban,1
Male,1,0,Graduate,0,1114600,0,13600000,360,1,Urban,1
Male,0,0,Graduate,0,283300,185700,12600000,360,1,Rural,1
Male,1,0,Graduate,0,262000,222300,15000000,360,1,Semiurban,1
Male,1,2,Graduate,0,390000,0,9000000,360,1,Semiurban,1
Male,1,1,Graduate,0,275000,184200,11500000,360,1,Semiurban,1
Male,1,0,Graduate,0,399300,327400,20700000,360,1,Semiurban,1
Male,1,0,Graduate,0,310300,130000,8000000,360,1,Urban,1
Male,1,0,Graduate,0,1458300,0,43600000,360,1,Semiurban,1
Female,1,0,0t Graduate,0,410000,0,12400000,360,,Rural,1
Male,0,1,0t Graduate,1,405300,242600,15800000,360,0,Urban,0
Male,1,0,Graduate,0,392700,80000,11200000,360,1,Semiurban,1
Male,1,2,Graduate,0,230100,98579.99878,7800000,180,1,Urban,1
Female,0,0,Graduate,0,181100,166600,5400000,360,1,Urban,1
Male,1,0,Graduate,0,2066700,0,0,360,1,Rural,0
Male,0,0,Graduate,0,315800,305300,8900000,360,1,Rural,1
Female,0,0,Graduate,1,260000,171700,9900000,300,1,Semiurban,0
Male,1,0,Graduate,0,370400,200000,12000000,360,1,Rural,1
Female,0,0,Graduate,0,412400,0,11500000,360,1,Semiurban,1
Male,0,0,Graduate,0,950800,0,18700000,360,1,Rural,1
Male,1,0,Graduate,0,307500,241600,13900000,360,1,Rural,1
Male,1,2,Graduate,0,440000,0,12700000,360,0,Semiurban,0
Male,1,2,Graduate,0,315300,156000,13400000,360,1,Urban,1
Female,0,,Graduate,0,541700,0,14300000,480,0,Urban,0
Male,1,0,Graduate,0,238300,333400,17200000,360,1,Semiurban,1
Male,1,4,Graduate,,441600,125000,11000000,360,1,Urban,1
Male,1,1,Graduate,0,687500,0,20000000,360,1,Semiurban,1
Female,1,1,Graduate,0,466600,0,13500000,360,1,Urban,1
Female,0,0,Graduate,0,500000,254100,15100000,480,1,Rural,0
Male,1,1,Graduate,0,201400,292500,11300000,360,1,Urban,0
Male,1,0,0t Graduate,0,180000,293400,9300000,360,0,Urban,0
Male,1,,0t Graduate,0,287500,175000,10500000,360,1,Semiurban,1
Female,0,0,Graduate,0,500000,0,13200000,360,1,Rural,1
Male,1,1,Graduate,0,162500,180300,9600000,360,1,Urban,1
Male,0,0,Graduate,0,400000,250000,14000000,360,1,Rural,1
Male,0,0,0t Graduate,0,200000,0,0,360,1,Urban,0
Female,0,0,Graduate,0,376200,166600,13500000,360,1,Rural,1
Female,0,0,Graduate,0,240000,186300,10400000,360,0,Urban,0
Male,0,0,Graduate,0,2023300,0,48000000,360,1,Rural,0
Male,1,2,0t Graduate,0,766700,0,18500000,360,,Rural,1
Female,0,0,Graduate,0,291700,0,8400000,360,1,Semiurban,1
Male,0,0,0t Graduate,0,292700,240500,11100000,360,1,Semiurban,1
Female,0,0,Graduate,0,250700,0,5600000,360,1,Rural,1
Male,1,2,Graduate,1,574600,0,14400000,84,,Rural,1
,1,0,Graduate,0,247300,184300,15900000,360,1,Rural,0
Male,1,1,0t Graduate,0,339900,164000,11100000,180,1,Urban,1
Male,1,2,Graduate,0,371700,0,12000000,360,1,Semiurban,1
Male,1,0,Graduate,0,205800,213400,8800000,360,,Urban,1
Female,0,1,Graduate,0,354100,0,11200000,360,,Semiurban,1
Male,1,1,Graduate,1,1000000,0,15500000,360,1,Rural,0
Male,1,0,Graduate,0,240000,216700,11500000,360,1,Semiurban,1
Male,1,4,Graduate,0,434200,18900,12400000,360,1,Semiurban,1
Male,1,2,0t Graduate,0,360100,159000,0,360,1,Rural,1
Female,0,0,Graduate,0,316600,298500,13200000,360,,Rural,1
Male,1,4,Graduate,0,1500000,0,30000000,360,1,Rural,1
Male,1,1,Graduate,1,866600,498300,37600000,360,0,Rural,0
Male,0,0,Graduate,0,491700,0,13000000,360,0,Rural,1
Male,1,0,Graduate,1,581800,216000,18400000,360,1,Semiurban,1
Female,1,0,Graduate,0,433300,245100,11000000,360,1,Urban,0
Female,0,0,Graduate,0,250000,0,6700000,360,1,Urban,1
Male,0,1,Graduate,0,438400,179300,11700000,360,1,Urban,1
Male,0,0,Graduate,0,293500,0,9800000,360,1,Semiurban,1
Male,0,,Graduate,0,283300,0,7100000,360,1,Urban,1
Male,1,0,Graduate,,6333700,0,49000000,180,1,Urban,1
,1,1,Graduate,1,983300,183300,18200000,180,1,Urban,1
Male,1,,Graduate,1,550300,449000,7000000,,1,Semiurban,1
Male,1,1,Graduate,,525000,68800,16000000,360,1,Rural,1
Male,1,2,Graduate,1,250000,460000,17600000,360,1,Rural,1
Female,0,4,0t Graduate,0,183000,0,0,360,0,Urban,0
Female,0,0,Graduate,0,416000,0,7100000,360,1,Semiurban,1
Male,1,4,0t Graduate,0,264700,158700,17300000,360,1,Rural,0
Female,0,0,Graduate,0,237800,0,4600000,360,1,Rural,0
Male,1,1,0t Graduate,0,455400,122900,15800000,360,1,Urban,1
Male,1,4,0t Graduate,0,317300,0,7400000,360,1,Semiurban,1
Male,1,2,Graduate,,258300,233000,12500000,360,1,Rural,1
Male,1,0,Graduate,0,249900,245800,16000000,360,1,Semiurban,1
Male,1,,0t Graduate,0,352300,323000,15200000,360,0,Rural,0
Male,1,2,0t Graduate,0,308300,216800,12600000,360,1,Urban,1
Male,1,0,Graduate,0,633300,458300,25900000,360,,Semiurban,1
Male,1,0,Graduate,0,262500,625000,18700000,360,1,Rural,1
Male,1,0,Graduate,0,908300,0,22800000,360,1,Semiurban,1
Male,0,0,Graduate,0,875000,416700,30800000,360,1,Rural,0
Male,1,4,Graduate,0,266600,208300,9500000,360,1,Rural,1
Female,1,0,Graduate,1,550000,0,10500000,360,0,Rural,0
Female,1,0,Graduate,0,242300,50500,13000000,360,1,Semiurban,1
Female,0,,Graduate,0,381300,0,11600000,180,1,Urban,1
Male,1,2,Graduate,0,833300,316700,16500000,360,1,Rural,1
Male,1,1,Graduate,0,387500,0,6700000,360,1,Urban,0
Male,1,0,0t Graduate,0,300000,166600,10000000,480,0,Urban,0
Male,1,4,Graduate,0,516700,316700,20000000,360,1,Semiurban,1
Female,0,1,Graduate,0,472300,0,8100000,360,1,Semiurban,0
Male,1,2,Graduate,0,500000,366700,23600000,360,1,Semiurban,1
Male,1,0,Graduate,0,475000,233300,13000000,360,1,Urban,1
Male,1,0,Graduate,0,301300,303300,9500000,300,,Urban,1
Male,0,0,Graduate,1,682200,0,14100000,360,1,Rural,1
Male,0,0,0t Graduate,0,621600,0,13300000,360,1,Rural,0
Male,0,0,Graduate,0,250000,0,9600000,480,1,Semiurban,0
Male,0,0,Graduate,0,512400,0,12400000,,0,Rural,0
Male,1,1,Graduate,0,632500,0,17500000,360,1,Semiurban,1
Male,1,0,Graduate,0,1973000,526600,57000000,360,1,Rural,0
Female,0,0,Graduate,1,1575900,0,5500000,360,1,Semiurban,1
Male,1,2,Graduate,0,518500,0,15500000,360,1,Semiurban,1
Male,1,2,Graduate,1,932300,787300,38000000,300,1,Rural,1
Male,0,1,Graduate,0,306200,198700,11100000,180,0,Urban,0
Female,0,0,Graduate,,276400,145900,11000000,360,1,Urban,1
Male,1,0,Graduate,0,481700,92300,12000000,180,1,Urban,1
Male,1,4,Graduate,0,875000,499600,13000000,360,1,Rural,1
Male,1,0,Graduate,0,431000,0,13000000,360,,Semiurban,1
Male,0,0,Graduate,0,306900,0,7100000,480,1,Urban,0
Male,1,2,Graduate,0,539100,0,13000000,360,1,Urban,1
Male,1,0,Graduate,,333300,250000,12800000,360,1,Semiurban,1
Male,0,0,Graduate,0,594100,423200,29600000,360,1,Semiurban,1
Female,0,0,Graduate,0,600000,0,15600000,360,1,Urban,1
Male,0,0,Graduate,1,716700,0,12800000,360,1,Urban,1
Male,1,2,Graduate,0,456600,0,10000000,360,1,Urban,0
Male,0,1,Graduate,,366700,0,11300000,180,1,Urban,1
Male,0,0,0t Graduate,0,234600,160000,13200000,360,1,Semiurban,1
Male,1,0,0t Graduate,0,301000,313600,0,360,0,Urban,0
Male,1,0,Graduate,0,233300,241700,13600000,360,1,Urban,1
Male,1,0,Graduate,0,548800,0,12500000,360,1,Rural,1
Male,0,4,Graduate,0,916700,0,18500000,360,1,Rural,1
Male,1,4,Graduate,0,950400,0,27500000,360,1,Rural,1
Male,1,0,Graduate,0,258300,211500,12000000,360,,Urban,1
Male,1,2,0t Graduate,0,199300,162500,11300000,180,1,Semiurban,1
Male,1,2,Graduate,0,310000,140000,11300000,360,1,Urban,1
Male,1,2,Graduate,0,327600,48400,13500000,360,,Semiurban,1
Female,0,0,Graduate,0,318000,0,7100000,360,0,Urban,0
Male,1,0,Graduate,0,303300,145900,9500000,360,1,Urban,1
Male,0,0,0t Graduate,0,390200,166600,10900000,360,1,Rural,1
Female,0,0,Graduate,0,150000,180000,10300000,360,0,Semiurban,0
Male,1,2,0t Graduate,0,288900,0,4500000,180,0,Urban,0
Male,0,0,0t Graduate,0,275500,0,6500000,300,1,Rural,0
Male,0,0,Graduate,0,250000,2000000,10300000,360,1,Semiurban,1
Female,0,0,0t Graduate,0,196300,0,5300000,360,1,Semiurban,1
Female,0,0,Graduate,1,744100,0,19400000,360,1,Rural,0
Female,0,0,Graduate,0,454700,0,11500000,360,1,Semiurban,1
Male,1,0,0t Graduate,0,216700,240000,11500000,360,1,Urban,1
Female,0,0,0t Graduate,0,221300,0,6600000,360,1,Rural,1
Male,1,1,Graduate,0,830000,0,15200000,300,0,Semiurban,0
Male,1,4,Graduate,0,8100000,0,36000000,360,0,Rural,0
Female,0,1,0t Graduate,1,386700,0,6200000,360,1,Semiurban,0
Male,1,0,Graduate,,625600,0,16000000,360,,Urban,1
Male,1,0,0t Graduate,0,609600,0,21800000,360,0,Rural,0
Male,1,0,0t Graduate,0,225300,203300,11000000,360,1,Rural,1
Female,1,0,0t Graduate,0,214900,323700,17800000,360,0,Semiurban,0
Female,0,0,Graduate,0,299500,0,6000000,360,1,Urban,1
Female,0,1,Graduate,0,260000,0,16000000,360,1,Urban,0
Male,1,2,Graduate,1,160000,2000000,23900000,360,1,Urban,0
Male,1,0,Graduate,0,102500,277300,11200000,360,1,Rural,1
Male,1,0,Graduate,0,324600,141700,13800000,360,1,Semiurban,1
Male,1,0,Graduate,0,582900,0,13800000,360,1,Rural,1
Female,0,0,0t Graduate,0,272000,0,8000000,,0,Urban,0
Male,1,0,Graduate,0,182000,171900,10000000,360,1,Urban,1
Male,1,1,Graduate,0,725000,166700,11000000,,0,Urban,0
Male,1,0,Graduate,0,1488000,0,9600000,360,1,Semiurban,1
Male,1,0,Graduate,0,266600,430000,12100000,360,1,Rural,1
Female,0,1,0t Graduate,0,460600,0,8100000,360,1,Rural,0
Male,1,2,Graduate,0,593500,0,13300000,360,1,Semiurban,1
Male,1,0,Graduate,0,292000,1612.000084,8700000,360,1,Rural,1
Male,0,0,0t Graduate,0,271700,0,6000000,180,1,Urban,1
Female,0,1,Graduate,1,862400,0,15000000,360,1,Semiurban,1
Male,0,0,Graduate,0,650000,0,10500000,360,0,Rural,0
Male,0,0,Graduate,,1287600,0,40500000,360,1,Semiurban,1
Male,1,0,Graduate,0,242500,234000,14300000,360,1,Semiurban,1
Male,0,0,Graduate,0,375000,0,10000000,360,1,Urban,1
Female,,,Graduate,0,1004700,0,0,240,1,Semiurban,1
Male,0,0,Graduate,0,192600,185100,5000000,360,1,Semiurban,1
Male,1,0,Graduate,0,221300,112500,0,360,1,Urban,1
Male,0,0,Graduate,1,1041600,0,18700000,360,0,Urban,0
Female,1,0,0t Graduate,1,714200,0,13800000,360,1,Rural,1
Male,0,0,Graduate,0,366000,506400,18700000,360,1,Semiurban,1
Male,1,0,Graduate,0,790100,183300,18000000,360,1,Rural,1
Male,0,4,0t Graduate,0,470700,199300,14800000,360,1,Semiurban,1
Male,0,1,Graduate,0,3771900,0,15200000,360,1,Semiurban,1
Male,1,0,Graduate,0,733300,833300,17500000,300,,Rural,1
Male,1,1,Graduate,1,346600,121000,13000000,360,1,Rural,1
Male,1,2,0t Graduate,0,465200,0,11000000,360,1,Rural,1
Male,1,0,Graduate,,353900,137600,5500000,360,1,Rural,0
Male,1,2,Graduate,0,334000,171000,15000000,360,0,Rural,0
Male,0,1,0t Graduate,1,276900,154200,19000000,360,,Semiurban,0
Male,1,2,0t Graduate,0,230900,125500,12500000,360,0,Rural,0
Male,1,2,0t Graduate,0,195800,145600,6000000,300,,Urban,1
Male,1,0,Graduate,0,394800,173300,14900000,360,0,Rural,0
Male,1,0,Graduate,0,248300,246600,9000000,180,0,Rural,1
Male,0,0,Graduate,1,708500,0,8400000,360,1,Semiurban,1
Male,1,2,Graduate,0,385900,0,9600000,360,1,Semiurban,1
Male,1,0,Graduate,0,430100,0,11800000,360,1,Urban,1
Male,1,0,Graduate,0,370800,256900,17300000,360,1,Urban,0
Male,0,2,Graduate,0,435400,0,13600000,360,1,Rural,1
Male,1,0,Graduate,0,833400,0,16000000,360,1,Semiurban,0
,1,0,Graduate,1,208300,408300,16000000,360,,Semiurban,1
Male,1,4,Graduate,0,774000,0,12800000,180,1,Urban,1
Male,1,0,Graduate,0,301500,218800,15300000,360,1,Rural,1
Female,0,1,0t Graduate,,519100,0,13200000,360,1,Semiurban,1
Male,0,0,Graduate,0,416600,0,9800000,360,0,Semiurban,0
Male,0,0,Graduate,0,600000,0,14000000,360,1,Rural,1
Male,1,4,0t Graduate,0,294700,166400,7000000,180,0,Urban,0
,1,0,Graduate,0,1669200,0,11000000,360,1,Semiurban,1
Female,1,2,0t Graduate,,21000,291700,9800000,360,1,Semiurban,1
Male,1,0,Graduate,0,433300,245100,11000000,360,1,Urban,0
Male,1,1,Graduate,1,345000,207900,16200000,360,1,Semiurban,1
Male,1,1,0t Graduate,0,265300,150000,11300000,180,0,Rural,0
Male,1,4,Graduate,0,469100,0,10000000,360,1,Semiurban,1
Female,0,0,Graduate,1,250000,0,9300000,360,,Urban,1
Male,0,2,Graduate,0,553200,464800,16200000,360,1,Rural,1
Male,1,2,Graduate,1,1652500,101400,15000000,360,1,Rural,1
Male,1,2,Graduate,0,670000,175000,23000000,300,1,Semiurban,1
,1,2,Graduate,0,287300,187200,13200000,360,0,Semiurban,0
Male,1,1,Graduate,1,1666700,225000,8600000,360,1,Semiurban,1
Male,1,2,Graduate,0,294700,160300,0,360,1,Urban,0
Female,0,0,0t Graduate,0,435000,0,15400000,360,1,Rural,1
Male,1,4,0t Graduate,0,309500,0,11300000,360,1,Rural,1
Male,1,0,Graduate,0,208300,315000,12800000,360,1,Semiurban,1
Male,1,0,Graduate,0,1083300,0,23400000,360,1,Semiurban,1
Male,1,2,Graduate,0,833300,0,24600000,360,1,Semiurban,1
Male,1,1,0t Graduate,0,195800,243600,13100000,360,1,Rural,1
Male,0,2,Graduate,0,354700,0,8000000,360,0,Rural,0
Male,1,1,Graduate,0,1833300,0,50000000,360,1,Urban,0
Male,1,2,Graduate,1,458300,208300,16000000,360,1,Semiurban,1
Male,0,0,Graduate,0,243500,0,7500000,360,1,Urban,0
Male,0,0,0t Graduate,0,269900,278500,9600000,360,,Semiurban,1
Male,1,1,0t Graduate,0,533300,113100,18600000,360,,Urban,1
Male,0,0,0t Graduate,0,369100,0,11000000,360,1,Rural,1
Female,0,0,0t Graduate,1,1726300,0,22500000,360,1,Semiurban,1
Male,1,0,Graduate,0,359700,215700,11900000,360,0,Rural,0
Female,1,1,Graduate,0,332600,91300,10500000,84,1,Semiurban,1
Male,1,0,0t Graduate,0,260000,170000,10700000,360,1,Rural,1
Male,1,0,Graduate,0,462500,285700,11100000,12,,Urban,1
Male,1,1,Graduate,1,289500,0,9500000,360,1,Semiurban,1
Male,0,0,Graduate,0,628300,441600,20900000,360,0,Rural,0
Female,0,0,Graduate,0,64500,368300,11300000,480,1,Rural,1
Female,0,0,Graduate,0,315900,0,10000000,360,1,Semiurban,1
Male,1,2,Graduate,0,486500,562400,20800000,360,1,Semiurban,1
Male,1,1,0t Graduate,0,405000,530200,13800000,360,,Rural,0
Male,1,0,0t Graduate,0,381400,148300,12400000,300,1,Semiurban,1
Male,1,2,Graduate,0,351000,441600,24300000,360,1,Rural,1
Male,1,0,Graduate,0,2083300,666700,48000000,360,,Urban,1
,0,0,Graduate,0,358300,0,9600000,360,1,Urban,0
Male,1,0,Graduate,1,247900,301300,18800000,360,1,Urban,1
Female,0,1,Graduate,0,1326200,0,4000000,360,1,Urban,1
Male,0,0,0t Graduate,0,359800,128700,10000000,360,1,Rural,0
Male,1,1,Graduate,0,606500,200400,25000000,360,1,Semiurban,1
Male,1,2,Graduate,0,328300,203500,14800000,360,1,Urban,1
Male,1,0,Graduate,0,213000,666600,7000000,180,1,Semiurban,0
Male,0,0,Graduate,0,581500,366600,31100000,360,1,Rural,0
Male,1,4,Graduate,0,346600,342800,15000000,360,1,Rural,1
Female,1,2,Graduate,0,203100,163200,11300000,480,1,Semiurban,1
Male,1,,0t Graduate,0,307400,180000,12300000,360,0,Semiurban,0
Male,0,0,Graduate,0,468300,191500,18500000,360,1,Semiurban,0
Female,0,0,0t Graduate,0,340000,0,9500000,360,1,Rural,0
Male,1,2,0t Graduate,0,219200,174200,4500000,360,1,Semiurban,1
Male,0,0,Graduate,0,250000,0,5500000,360,1,Semiurban,1
Male,1,4,Graduate,1,567700,142400,10000000,360,1,Rural,1
Male,1,2,Graduate,1,794800,716600,48000000,360,1,Rural,1
Male,0,0,Graduate,0,468000,208700,0,360,1,Semiurban,0
Male,1,2,Graduate,1,1750000,0,40000000,360,1,Rural,1
Male,1,0,Graduate,0,377500,0,11000000,360,1,Semiurban,1
Male,1,1,0t Graduate,0,528500,143000,16100000,360,0,Semiurban,1
Male,0,1,0t Graduate,0,267900,130200,9400000,360,1,Semiurban,1
Male,0,0,0t Graduate,0,678300,0,13000000,360,1,Semiurban,1
Male,1,0,Graduate,0,102500,550000,21600000,360,,Rural,1
Male,1,4,Graduate,0,428100,0,10000000,360,1,Urban,1
Male,0,2,Graduate,0,358800,0,11000000,360,0,Rural,0
Male,0,1,Graduate,0,1125000,0,19600000,360,,Semiurban,0
Female,0,0,0t Graduate,1,1816500,0,12500000,360,1,Urban,1
Male,0,0,0t Graduate,,255000,204200,12600000,360,1,Rural,1
Male,1,0,Graduate,0,613300,390600,32400000,360,1,Urban,1
Male,0,2,Graduate,0,361700,0,10700000,360,1,Semiurban,1
Male,1,0,0t Graduate,0,291700,53600,6600000,360,1,Rural,0
Male,1,4,Graduate,0,641700,0,15700000,180,1,Rural,1
Female,1,1,Graduate,0,460800,284500,14000000,180,1,Semiurban,1
Female,0,0,Graduate,0,213800,0,9900000,360,0,Semiurban,0
Female,0,1,Graduate,,365200,0,9500000,360,1,Semiurban,1
Male,1,1,0t Graduate,0,223900,252400,12800000,360,1,Urban,1
Female,1,0,0t Graduate,0,301700,66300,10200000,360,,Semiurban,1
Male,1,0,Graduate,0,276800,195000,15500000,360,1,Rural,1
Male,0,0,0t Graduate,0,335800,0,8000000,36,1,Semiurban,0
Male,0,0,Graduate,0,252600,178300,14500000,360,1,Rural,1
Female,0,0,Graduate,0,500000,0,10300000,360,0,Semiurban,0
Male,1,0,Graduate,0,278500,201600,11000000,360,1,Rural,1
Male,1,2,Graduate,1,663300,0,0,360,0,Rural,0
Male,1,1,0t Graduate,0,249200,237500,0,360,1,Rural,1
Male,1,1,Graduate,0,333300,325000,15800000,360,1,Urban,1
Male,1,0,0t Graduate,0,245400,233300,18100000,360,0,Urban,0
Male,1,0,Graduate,0,359300,426600,13200000,180,0,Rural,0
Male,1,1,Graduate,0,546800,103200,2600000,360,1,Semiurban,1
Female,0,0,Graduate,0,266700,162500,8400000,360,,Urban,1
Male,1,4,Graduate,1,1013900,0,26000000,360,1,Semiurban,1
Male,1,0,Graduate,0,388700,266900,16200000,360,1,Semiurban,1
Female,1,0,Graduate,0,418000,230600,18200000,360,1,Semiurban,1
Male,1,2,0t Graduate,0,367500,24200,10800000,360,1,Semiurban,1
Female,1,1,Graduate,1,1948400,0,60000000,360,1,Semiurban,1
Male,1,0,Graduate,0,592300,205400,21100000,360,1,Rural,1
Male,0,0,0t Graduate,1,580000,0,13200000,360,1,Semiurban,1
Male,1,2,Graduate,0,879900,0,25800000,360,0,Urban,0
Male,1,0,0t Graduate,0,446700,0,12000000,360,,Rural,1
Male,0,0,Graduate,0,333300,0,7000000,360,1,Urban,1
Male,1,4,Graduate,0,340000,250000,12300000,360,0,Rural,0
Female,0,0,Graduate,0,237800,0,900000,360,1,Urban,0
Male,1,0,Graduate,0,316600,206400,10400000,360,0,Urban,0
Male,1,1,Graduate,0,341700,175000,18600000,360,1,Urban,1
Male,1,,Graduate,0,511600,145100,16500000,360,0,Urban,0
Male,1,2,Graduate,0,1666600,0,27500000,360,1,Urban,1
Male,1,2,0t Graduate,0,612500,162500,18700000,480,1,Semiurban,0
Male,1,4,Graduate,0,640600,0,15000000,360,1,Semiurban,0
Male,1,2,Graduate,0,315900,46100,10800000,84,1,Urban,1
,1,0,Graduate,0,308700,221000,13600000,360,0,Semiurban,0
Male,0,0,Graduate,0,322900,273900,11000000,360,1,Urban,1
Male,1,1,Graduate,0,178200,223200,10700000,360,1,Rural,1
Male,0,0,Graduate,,318200,291700,16100000,360,1,Urban,1
Male,1,2,Graduate,0,654000,0,20500000,360,1,Semiurban,1
Male,0,0,Graduate,0,183600,3383700,9000000,360,1,Urban,0
Female,1,0,Graduate,0,316600,0,3600000,360,1,Semiurban,1
Male,1,1,Graduate,0,188000,0,6100000,360,,Rural,0
Male,1,1,Graduate,0,278700,191700,14600000,360,0,Rural,0
Male,1,1,Graduate,0,428300,300000,17200000,84,1,Rural,0
Male,1,0,Graduate,0,229700,152200,10400000,360,1,Urban,1
Female,0,0,0t Graduate,0,216500,0,7000000,360,1,Semiurban,1
,0,0,Graduate,0,475000,0,9400000,360,1,Semiurban,1
Male,1,2,Graduate,1,272600,0,10600000,360,0,Semiurban,0
Male,1,0,Graduate,0,300000,341600,5600000,180,1,Semiurban,1
Male,1,2,Graduate,1,600000,0,20500000,240,1,Semiurban,0
,0,4,Graduate,1,935700,0,29200000,360,1,Semiurban,1
Male,1,0,Graduate,0,385900,330000,14200000,180,1,Rural,1
Male,1,0,Graduate,1,1612000,0,26000000,360,1,Urban,1
Male,0,0,0t Graduate,0,383300,0,11000000,360,1,Rural,1
Male,1,2,0t Graduate,1,638300,100000,18700000,360,1,Rural,0
Male,0,,Graduate,0,298700,0,8800000,360,0,Semiurban,0
Male,1,0,Graduate,1,996300,0,18000000,360,1,Rural,1
Male,1,2,Graduate,0,578000,0,19200000,360,1,Urban,1
Female,0,4,Graduate,,41600,4166700,35000000,180,,Urban,0
Male,1,0,0t Graduate,,289400,279200,15500000,360,1,Rural,1
Male,1,4,Graduate,0,570300,0,12800000,360,1,Urban,1
Male,0,0,Graduate,0,367600,430100,17200000,360,1,Rural,1
Female,1,1,Graduate,0,1200000,0,49600000,360,1,Semiurban,1
Male,1,0,0t Graduate,0,240000,380000,0,180,1,Urban,0
Male,1,1,Graduate,0,340000,250000,17300000,360,1,Semiurban,1
Male,1,2,0t Graduate,0,398700,141100,15700000,360,1,Rural,1
Male,1,0,Graduate,0,323200,195000,10800000,360,1,Rural,1
Female,0,0,Graduate,0,290000,0,7100000,360,1,Rural,1
Male,1,4,Graduate,0,410600,0,4000000,180,1,Rural,1
Male,1,1,Graduate,0,807200,24000,25300000,360,1,Urban,1
Male,1,2,Graduate,0,758300,0,18700000,360,1,Urban,1
Female,0,0,Graduate,1,458300,0,13300000,360,0,Semiurban,0